Suburb,to,row.number,minutestoBHH,hourstoBHH,kmtoBHH,to,minutestoFrankston,hourstofrankston,kmtofrankston,to,minutestogeelong,hourstogeelong,kmtogeelong,to,minutestonorthern,hourstonorthern,kmtonorthern,to,minutestoSVH,hourstoSVH,kmtoSVH,to,minutestoSH,hourstoSH,kmtoSH
"3000,Victoria, Australia","box hill hospital, victoria",1,27.68333333,0.461388889,19.167,"frankston hospital, victoria",45.35,0.755833333,55.945,"geelong hospital, victoria",66.16666667,1.102777778,76.221,"northern hospital, victoria",36.75,0.6125,34.572,"st vincent hospital, victoria",9.566666667,0.159444444,1.883,"sunshine hospital, victoria",27.88333333,0.464722222,26.757
"3001,Victoria, Australia","box hill hospital, victoria",2,69.73333333,1.162222222,69.529,"frankston hospital, victoria",89.5,1.491666667,111.241,"geelong hospital, victoria",97.36666667,1.622777778,117.801,"northern hospital, victoria",47.08333333,0.784722222,49.136,"st vincent hospital, victoria",60.21666667,1.003611111,54.387,"sunshine hospital, victoria",45.6,0.76,47.193
"3002,Victoria, Australia","box hill hospital, victoria",3,22.81666667,0.380277778,18.593,"frankston hospital, victoria",41.58333333,0.693055556,53.92,"geelong hospital, victoria",67.73333333,1.128888889,78.23,"northern hospital, victoria",40.46666667,0.674444444,21.289,"st vincent hospital, victoria",5.916666667,0.098611111,1.679,"sunshine hospital, victoria",29.46666667,0.491111111,28.766
"3003,Victoria, Australia","box hill hospital, victoria",4,29.96666667,0.499444444,23.115,"frankston hospital, victoria",45.2,0.753333333,59.533,"geelong hospital, victoria",60.55,1.009166667,74.479,"northern hospital, victoria",29.1,0.485,32.636,"st vincent hospital, victoria",16.73333333,0.278888889,5.135,"sunshine hospital, victoria",21.23333333,0.353888889,21.898
"3004,Victoria, Australia","box hill hospital, victoria",5,31.26666667,0.521111111,21.187,"frankston hospital, victoria",47.06666667,0.784444444,55.098,"geelong hospital, victoria",67.76666667,1.129444444,76.911,"northern hospital, victoria",40.45,0.674166667,39.86,"st vincent hospital, victoria",17.53333333,0.292222222,5.036,"sunshine hospital, victoria",29.5,0.491666667,27.447
"3005,Victoria, Australia","box hill hospital, victoria",6,30.11666667,0.501944444,23.523,"frankston hospital, victoria",42.15,0.7025,55.988,"geelong hospital, victoria",59.8,0.996666667,73.607,"northern hospital, victoria",32.5,0.541666667,36.575,"st vincent hospital, victoria",16.8,0.28,4.834,"sunshine hospital, victoria",21.51666667,0.358611111,24.143
"3006,Victoria, Australia","box hill hospital, victoria",7,28.98333333,0.483055556,20.825,"frankston hospital, victoria",41.48333333,0.691388889,54.632,"geelong hospital, victoria",58.86666667,0.981111111,74.784,"northern hospital, victoria",31.55,0.525833333,37.733,"st vincent hospital, victoria",14.4,0.24,3.629,"sunshine hospital, victoria",20.6,0.343333333,25.319
"3007,Victoria, Australia","box hill hospital, victoria",8,69.73333333,1.162222222,69.529,"frankston hospital, victoria",89.5,1.491666667,111.241,"geelong hospital, victoria",97.36666667,1.622777778,117.801,"northern hospital, victoria",47.08333333,0.784722222,49.136,"st vincent hospital, victoria",60.21666667,1.003611111,54.387,"sunshine hospital, victoria",45.6,0.76,47.193
"3008,Victoria, Australia","box hill hospital, victoria",9,32.65,0.544166667,23.981,"frankston hospital, victoria",47.36666667,0.789444444,60.074,"geelong hospital, victoria",62.71666667,1.045277778,75.021,"northern hospital, victoria",31.78333333,0.529722222,33.503,"st vincent hospital, victoria",15.08333333,0.251388889,3.298,"sunshine hospital, victoria",23.91666667,0.398611111,22.764
"3009,Victoria, Australia","box hill hospital, victoria",10,69.73333333,1.162222222,69.529,"frankston hospital, victoria",89.5,1.491666667,111.241,"geelong hospital, victoria",97.36666667,1.622777778,117.801,"northern hospital, victoria",47.08333333,0.784722222,49.136,"st vincent hospital, victoria",60.21666667,1.003611111,54.387,"sunshine hospital, victoria",45.6,0.76,47.193
"3010,Victoria, Australia","box hill hospital, victoria",11,26.61666667,0.443611111,19.465,"frankston hospital, victoria",51.61666667,0.860277778,58.103,"geelong hospital, victoria",69.26666667,1.154444444,77.222,"northern hospital, victoria",35.26666667,0.587777778,32.315,"st vincent hospital, victoria",10.5,0.175,2.852,"sunshine hospital, victoria",27.38333333,0.456388889,21.576
"3011,Victoria, Australia","box hill hospital, victoria",12,32.48333333,0.541388889,23.296,"frankston hospital, victoria",51.33333333,0.855555556,62.806,"geelong hospital, victoria",59.23333333,0.987222222,69.235,"northern hospital, victoria",32.11666667,0.535277778,34.657,"st vincent hospital, victoria",19.11666667,0.318611111,7.44,"sunshine hospital, victoria",19.16666667,0.319444444,10.388
"3012,Victoria, Australia","box hill hospital, victoria",13,38.2,0.636666667,33.474,"frankston hospital, victoria",50.25,0.8375,65.938,"geelong hospital, victoria",52.7,0.878333333,64.007,"northern hospital, victoria",34.21666667,0.570277778,40.026,"st vincent hospital, victoria",27.71666667,0.461944444,12.743,"sunshine hospital, victoria",15.88333333,0.264722222,15.818
"3013,Victoria, Australia","box hill hospital, victoria",14,34.91666667,0.581944444,29.791,"frankston hospital, victoria",46.96666667,0.782777778,62.255,"geelong hospital, victoria",54.96666667,0.916111111,67.304,"northern hospital, victoria",33.86666667,0.564444444,38.869,"st vincent hospital, victoria",24.68333333,0.411388889,10.303,"sunshine hospital, victoria",16.7,0.278333333,17.84
"3014,Victoria, Australia","box hill hospital, victoria",15,69.73333333,1.162222222,69.529,"frankston hospital, victoria",89.5,1.491666667,111.241,"geelong hospital, victoria",97.36666667,1.622777778,117.801,"northern hospital, victoria",47.08333333,0.784722222,49.136,"st vincent hospital, victoria",60.21666667,1.003611111,54.387,"sunshine hospital, victoria",45.6,0.76,47.193
"3015,Victoria, Australia","box hill hospital, victoria",16,37.68333333,0.628055556,31.214,"frankston hospital, victoria",49.73333333,0.828888889,63.678,"geelong hospital, victoria",55.95,0.9325,68.403,"northern hospital, victoria",35.98333333,0.599722222,43.147,"st vincent hospital, victoria",26.23333333,0.437222222,13.244,"sunshine hospital, victoria",17.66666667,0.294444444,18.939
"3016,Victoria, Australia","box hill hospital, victoria",17,42.1,0.701666667,34.502,"frankston hospital, victoria",54.13333333,0.902222222,66.966,"geelong hospital, victoria",56.06666667,0.934444444,66.079,"northern hospital, victoria",39.23333333,0.653888889,44.521,"st vincent hospital, victoria",30.63333333,0.510555556,16.532,"sunshine hospital, victoria",20.91666667,0.348611111,20.313
"3017,Victoria, Australia","box hill hospital, victoria",18,69.73333333,1.162222222,69.529,"frankston hospital, victoria",89.5,1.491666667,111.241,"geelong hospital, victoria",97.36666667,1.622777778,117.801,"northern hospital, victoria",47.08333333,0.784722222,49.136,"st vincent hospital, victoria",60.21666667,1.003611111,54.387,"sunshine hospital, victoria",45.6,0.76,47.193
"3018,Victoria, Australia","box hill hospital, victoria",19,44.3,0.738333333,39.423,"frankston hospital, victoria",56.33333333,0.938888889,71.887,"geelong hospital, victoria",50.96666667,0.849444444,61.364,"northern hospital, victoria",36.3,0.605,43.084,"st vincent hospital, victoria",32.83333333,0.547222222,21.453,"sunshine hospital, victoria",17.96666667,0.299444444,18.876
"3019,Victoria, Australia","box hill hospital, victoria",20,40.81666667,0.680277778,28.01,"frankston hospital, victoria",56.65,0.944166667,66.813,"geelong hospital, victoria",60.6,1.01,68.432,"northern hospital, victoria",31.83333333,0.530555556,30.338,"st vincent hospital, victoria",28.2,0.47,12.415,"sunshine hospital, victoria",13.08333333,0.218055556,7.286
"3020,Victoria, Australia","box hill hospital, victoria",21,45.3,0.755,31.236,"frankston hospital, victoria",57.5,0.958333333,77.967,"geelong hospital, victoria",57,0.95,71.63,"northern hospital, victoria",27.38333333,0.456388889,30.729,"st vincent hospital, victoria",33.05,0.550833333,15.718,"sunshine hospital, victoria",9.8,0.163333333,4.702
"3021,Victoria, Australia","box hill hospital, victoria",22,42.76666667,0.712777778,38.508,"frankston hospital, victoria",61.81666667,1.030277778,80.942,"geelong hospital, victoria",61.31666667,1.021944444,74.605,"northern hospital, victoria",25.36666667,0.422777778,26.201,"st vincent hospital, victoria",33.25,0.554166667,23.366,"sunshine hospital, victoria",6.4,0.106666667,2.768
"3022,Victoria, Australia","box hill hospital, victoria",23,45.28333333,0.754722222,42.649,"frankston hospital, victoria",57.31666667,0.955277778,75.114,"geelong hospital, victoria",56.81666667,0.946944444,68.776,"northern hospital, victoria",30.9,0.515,33.885,"st vincent hospital, victoria",33.81666667,0.563611111,24.68,"sunshine hospital, victoria",12.56666667,0.209444444,9.677
"3023,Victoria, Australia","box hill hospital, victoria",24,47.91666667,0.798611111,44.632,"frankston hospital, victoria",59.96666667,0.999444444,78.472,"geelong hospital, victoria",59.45,0.990833333,72.135,"northern hospital, victoria",30.51666667,0.508611111,32.325,"st vincent hospital, victoria",36.46666667,0.607777778,28.038,"sunshine hospital, victoria",12.2,0.203333333,8.117
"3024,Victoria, Australia","box hill hospital, victoria",25,64.36666667,1.072777778,60.571,"frankston hospital, victoria",76.41666667,1.273611111,93.035,"geelong hospital, victoria",52.36666667,0.872777778,51.769,"northern hospital, victoria",55.7,0.928333333,61.121,"st vincent hospital, victoria",52.91666667,0.881944444,42.601,"sunshine hospital, victoria",37.38333333,0.623055556,36.913
"3025,Victoria, Australia","box hill hospital, victoria",26,42.9,0.715,35.778,"frankston hospital, victoria",54.95,0.915833333,68.242,"geelong hospital, victoria",55.56666667,0.926111111,62.794,"northern hospital, victoria",39.5,0.658333333,39.208,"st vincent hospital, victoria",31.45,0.524166667,17.808,"sunshine hospital, victoria",21.16666667,0.352777778,15
"3026,Victoria, Australia","box hill hospital, victoria",27,43.73333333,0.728888889,39.096,"frankston hospital, victoria",55.78333333,0.929722222,71.56,"geelong hospital, victoria",52.4,0.873333333,61.212,"northern hospital, victoria",31.2,0.52,35.226,"st vincent hospital, victoria",32.28333333,0.538055556,21.126,"sunshine hospital, victoria",12.88333333,0.214722222,11.018
"3027,Victoria, Australia","box hill hospital, victoria",28,44.16666667,0.736111111,44.668,"frankston hospital, victoria",56.2,0.936666667,77.132,"geelong hospital, victoria",45.96666667,0.766111111,53.473,"northern hospital, victoria",35.48333333,0.591388889,45.218,"st vincent hospital, victoria",32.7,0.545,26.698,"sunshine hospital, victoria",17.16666667,0.286111111,21.01
"3028,Victoria, Australia","box hill hospital, victoria",29,45.63333333,0.760555556,43.625,"frankston hospital, victoria",57.66666667,0.961111111,76.089,"geelong hospital, victoria",47.76666667,0.796111111,56.556,"northern hospital, victoria",36.96666667,0.616111111,44.176,"st vincent hospital, victoria",34.18333333,0.569722222,25.655,"sunshine hospital, victoria",18.63333333,0.310555556,19.968
"3029,Victoria, Australia","box hill hospital, victoria",30,50.75,0.845833333,45.053,"frankston hospital, victoria",62.78333333,1.046388889,77.517,"geelong hospital, victoria",58.06666667,0.967777778,61.692,"northern hospital, victoria",36.88333333,0.614722222,40.906,"st vincent hospital, victoria",39.3,0.655,27.083,"sunshine hospital, victoria",18.56666667,0.309444444,16.698
"3030,Victoria, Australia","box hill hospital, victoria",31,53.13333333,0.885555556,55.233,"frankston hospital, victoria",65.16666667,1.086111111,87.698,"geelong hospital, victoria",48.33333333,0.805555556,53.885,"northern hospital, victoria",44.46666667,0.741111111,55.784,"st vincent hospital, victoria",41.68333333,0.694722222,37.263,"sunshine hospital, victoria",26.15,0.435833333,31.576
"3031,Victoria, Australia","box hill hospital, victoria",32,28.55,0.475833333,21.295,"frankston hospital, victoria",48.9,0.815,62.746,"geelong hospital, victoria",63.93333333,1.065555556,72.137,"northern hospital, victoria",29.68333333,0.494722222,30.679,"st vincent hospital, victoria",19.15,0.319166667,6.153,"sunshine hospital, victoria",22.75,0.379166667,13.021
"3032,Victoria, Australia","box hill hospital, victoria",33,34.35,0.5725,23.722,"frankston hospital, victoria",54.7,0.911666667,65.173,"geelong hospital, victoria",66.18333333,1.103055556,72.202,"northern hospital, victoria",29.33333333,0.488888889,26.009,"st vincent hospital, victoria",24.95,0.415833333,8.58,"sunshine hospital, victoria",21.4,0.356666667,13.406
"3033,Victoria, Australia","box hill hospital, victoria",34,38.5,0.641666667,34.263,"frankston hospital, victoria",58.26666667,0.971111111,75.976,"geelong hospital, victoria",59.93333333,0.998888889,76.036,"northern hospital, victoria",20.8,0.346666667,22.244,"st vincent hospital, victoria",28.98333333,0.483055556,19.121,"sunshine hospital, victoria",8.15,0.135833333,5.429
"3034,Victoria, Australia","box hill hospital, victoria",35,40.9,0.681666667,28.325,"frankston hospital, victoria",61.25,1.020833333,69.776,"geelong hospital, victoria",64.58333333,1.076388889,79.15,"northern hospital, victoria",25.51666667,0.425277778,25.372,"st vincent hospital, victoria",31.5,0.525,13.183,"sunshine hospital, victoria",12.81666667,0.213611111,8.543
"3035,Victoria, Australia","box hill hospital, victoria",36,69.73333333,1.162222222,69.529,"frankston hospital, victoria",89.5,1.491666667,111.241,"geelong hospital, victoria",97.36666667,1.622777778,117.801,"northern hospital, victoria",47.08333333,0.784722222,49.136,"st vincent hospital, victoria",60.21666667,1.003611111,54.387,"sunshine hospital, victoria",45.6,0.76,47.193
"3036,Victoria, Australia","box hill hospital, victoria",37,40.03333333,0.667222222,38.842,"frankston hospital, victoria",59.78333333,0.996388889,80.555,"geelong hospital, victoria",67.58333333,1.126388889,83.057,"northern hospital, victoria",22.81666667,0.380277778,26.7,"st vincent hospital, victoria",30.51666667,0.508611111,23.7,"sunshine hospital, victoria",15.81666667,0.263611111,12.449
"3037,Victoria, Australia","box hill hospital, victoria",38,46.66666667,0.777777778,42.993,"frankston hospital, victoria",66.43333333,1.107222222,84.705,"geelong hospital, victoria",69.3,1.155,81.956,"northern hospital, victoria",29.45,0.490833333,30.851,"st vincent hospital, victoria",37.15,0.619166667,27.851,"sunshine hospital, victoria",19.96666667,0.332777778,11.834
"3038,Victoria, Australia","box hill hospital, victoria",39,41.66666667,0.694444444,40.32,"frankston hospital, victoria",61.43333333,1.023888889,82.033,"geelong hospital, victoria",66.31666667,1.105277778,80.32,"northern hospital, victoria",24.46666667,0.407777778,28.178,"st vincent hospital, victoria",32.15,0.535833333,25.178,"sunshine hospital, victoria",14.55,0.2425,9.712
"3039,Victoria, Australia","box hill hospital, victoria",40,30.85,0.514166667,23.113,"frankston hospital, victoria",53.21666667,0.886944444,64.947,"geelong hospital, victoria",67.85,1.130833333,74.04,"northern hospital, victoria",27.1,0.451666667,25.011,"st vincent hospital, victoria",22.3,0.371666667,7.458,"sunshine hospital, victoria",18.93333333,0.315555556,14.081
"3040,Victoria, Australia","box hill hospital, victoria",41,36.71666667,0.611944444,30.482,"frankston hospital, victoria",56.46666667,0.941111111,72.195,"geelong hospital, victoria",66.81666667,1.113611111,83.233,"northern hospital, victoria",23.21666667,0.386944444,23.555,"st vincent hospital, victoria",27.2,0.453333333,15.34,"sunshine hospital, victoria",15.05,0.250833333,12.625
"3041,Victoria, Australia","box hill hospital, victoria",42,34.55,0.575833333,28.624,"frankston hospital, victoria",54.31666667,0.905277778,70.337,"geelong hospital, victoria",66.5,1.108333333,81.732,"northern hospital, victoria",22.9,0.381666667,22.054,"st vincent hospital, victoria",25.03333333,0.417222222,13.482,"sunshine hospital, victoria",14.73333333,0.245555556,11.124
"3042,Victoria, Australia","box hill hospital, victoria",43,35.33333333,0.588888889,31.175,"frankston hospital, victoria",55.08333333,0.918055556,72.887,"geelong hospital, victoria",64.76666667,1.079444444,80.697,"northern hospital, victoria",21.2,0.353333333,20.754,"st vincent hospital, victoria",25.81666667,0.430277778,16.033,"sunshine hospital, victoria",13,0.216666667,10.089
"3043,Victoria, Australia","box hill hospital, victoria",44,37.75,0.629166667,33.2,"frankston hospital, victoria",57.5,0.958333333,74.912,"geelong hospital, victoria",64.61666667,1.076944444,81.666,"northern hospital, victoria",16.81666667,0.280277778,17.661,"st vincent hospital, victoria",28.23333333,0.470555556,18.058,"sunshine hospital, victoria",12.85,0.214166667,11.059
"3044,Victoria, Australia","box hill hospital, victoria",45,33.98333333,0.566388889,27.731,"frankston hospital, victoria",53.75,0.895833333,69.443,"geelong hospital, victoria",67.25,1.120833333,84.656,"northern hospital, victoria",20.91666667,0.348611111,16.197,"st vincent hospital, victoria",24.46666667,0.407777778,12.589,"sunshine hospital, victoria",15.48333333,0.258055556,14.049
"3045,Victoria, Australia","box hill hospital, victoria",46,44.61666667,0.743611111,40.94,"frankston hospital, victoria",64.36666667,1.072777778,82.653,"geelong hospital, victoria",69.98333333,1.166388889,87.02,"northern hospital, victoria",24.31666667,0.405277778,25.849,"st vincent hospital, victoria",35.1,0.585,25.798,"sunshine hospital, victoria",18.21666667,0.303611111,16.412
"3046,Victoria, Australia","box hill hospital, victoria",47,37.63333333,0.627222222,30.119,"frankston hospital, victoria",57.4,0.956666667,71.832,"geelong hospital, victoria",69.96666667,1.166111111,86.192,"northern hospital, victoria",17.13333333,0.285555556,13.593,"st vincent hospital, victoria",28.11666667,0.468611111,14.977,"sunshine hospital, victoria",18.18333333,0.303055556,15.584
"3047,Victoria, Australia","box hill hospital, victoria",48,40.26666667,0.671111111,34.215,"frankston hospital, victoria",61.95,1.0325,75.562,"geelong hospital, victoria",69.66666667,1.161111111,86.575,"northern hospital, victoria",18.08333333,0.301388889,11.41,"st vincent hospital, victoria",32.66666667,0.544444444,18.707,"sunshine hospital, victoria",17.88333333,0.298055556,15.968
"3048,Victoria, Australia","box hill hospital, victoria",49,45.66666667,0.761111111,36.205,"frankston hospital, victoria",65.43333333,1.090555556,77.918,"geelong hospital, victoria",73.13333333,1.218888889,88.931,"northern hospital, victoria",17.28333333,0.288055556,10.38,"st vincent hospital, victoria",36.15,0.6025,21.063,"sunshine hospital, victoria",21.36666667,0.356111111,18.324
"3049,Victoria, Australia","box hill hospital, victoria",50,40.55,0.675833333,36.583,"frankston hospital, victoria",60.31666667,1.005277778,78.296,"geelong hospital, victoria",68,1.133333333,84.842,"northern hospital, victoria",20.26666667,0.337777778,20.087,"st vincent hospital, victoria",31.03333333,0.517222222,21.442,"sunshine hospital, victoria",16.23333333,0.270555556,14.234
"3050,Victoria, Australia","box hill hospital, victoria",51,22.86666667,0.381111111,18.377,"frankston hospital, victoria",51.58333333,0.859722222,57.883,"geelong hospital, victoria",66.81666667,1.113611111,78.902,"northern hospital, victoria",32.05,0.534166667,31.931,"st vincent hospital, victoria",10.46666667,0.174444444,2.632,"sunshine hospital, victoria",24.16666667,0.402777778,21.193
"3051,Victoria, Australia","box hill hospital, victoria",52,26.01666667,0.433611111,20.522,"frankston hospital, victoria",47.1,0.785,62.239,"geelong hospital, victoria",62.45,1.040833333,77.185,"northern hospital, victoria",27.78333333,0.463055556,30.315,"st vincent hospital, victoria",12.91666667,0.215277778,3.731,"sunshine hospital, victoria",19.91666667,0.331944444,19.577
"3052,Victoria, Australia","box hill hospital, victoria",53,23.5,0.391666667,19.404,"frankston hospital, victoria",47.83333333,0.797222222,62.171,"geelong hospital, victoria",63.18333333,1.053055556,77.117,"northern hospital, victoria",28.41666667,0.473611111,30.147,"st vincent hospital, victoria",14.98333333,0.249722222,5.433,"sunshine hospital, victoria",20.55,0.3425,19.409
"3053,Victoria, Australia","box hill hospital, victoria",54,19.45,0.324166667,17.164,"frankston hospital, victoria",50.15,0.835833333,65.654,"geelong hospital, victoria",69.31666667,1.155277778,79.968,"northern hospital, victoria",37.06666667,0.617777778,18.703,"st vincent hospital, victoria",7.2,0.12,1.836,"sunshine hospital, victoria",26.68333333,0.444722222,22.26
"3054,Victoria, Australia","box hill hospital, victoria",55,18.96666667,0.316111111,17.517,"frankston hospital, victoria",49.68333333,0.828055556,66.007,"geelong hospital, victoria",68.16666667,1.136111111,79.831,"northern hospital, victoria",33.23333333,0.553888889,17.637,"st vincent hospital, victoria",10.45,0.174166667,3.546,"sunshine hospital, victoria",23.63333333,0.393888889,20.451
"3055,Victoria, Australia","box hill hospital, victoria",56,29.96666667,0.499444444,22.463,"frankston hospital, victoria",50.83333333,0.847222222,66.68,"geelong hospital, victoria",66.18333333,1.103055556,81.627,"northern hospital, victoria",27.63333333,0.460555556,25.94,"st vincent hospital, victoria",21.45,0.3575,8.491,"sunshine hospital, victoria",19.46666667,0.324444444,15.01
"3056,Victoria, Australia","box hill hospital, victoria",57,28.05,0.4675,20.483,"frankston hospital, victoria",54.31666667,0.905277778,68.595,"geelong hospital, victoria",69.66666667,1.161111111,83.542,"northern hospital, victoria",31.11666667,0.518611111,18.283,"st vincent hospital, victoria",19.53333333,0.325555556,6.512,"sunshine hospital, victoria",21.6,0.36,19.616
"3057,Victoria, Australia","box hill hospital, victoria",58,22.56666667,0.376111111,18.717,"frankston hospital, victoria",53.26666667,0.887777778,67.206,"geelong hospital, victoria",74.13333333,1.235555556,81.548,"northern hospital, victoria",28.18333333,0.469722222,15.414,"st vincent hospital, victoria",14.85,0.2475,4.775,"sunshine hospital, victoria",27.11666667,0.451944444,21.669
"3058,Victoria, Australia","box hill hospital, victoria",59,31.26666667,0.521111111,20.009,"frankston hospital, victoria",57.96666667,0.966111111,69.858,"geelong hospital, victoria",71.76666667,1.196111111,86.97,"northern hospital, victoria",18.26666667,0.304444444,14.342,"st vincent hospital, victoria",25.35,0.4225,9.881,"sunshine hospital, victoria",19.98333333,0.333055556,16.362
"3059,Victoria, Australia","box hill hospital, victoria",60,43.26666667,0.721111111,39.313,"frankston hospital, victoria",63.01666667,1.050277778,81.026,"geelong hospital, victoria",70.71666667,1.178611111,87.572,"northern hospital, victoria",20.43333333,0.340555556,14.556,"st vincent hospital, victoria",33.75,0.5625,24.171,"sunshine hospital, victoria",18.95,0.315833333,16.964
"3060,Victoria, Australia","box hill hospital, victoria",61,36.16666667,0.602777778,30.965,"frankston hospital, victoria",61.78333333,1.029722222,81.515,"geelong hospital, victoria",69.35,1.155833333,88.099,"northern hospital, victoria",13.88333333,0.231388889,10.754,"st vincent hospital, victoria",32.5,0.541666667,24.66,"sunshine hospital, victoria",17.58333333,0.293055556,17.492
"3061,Victoria, Australia","box hill hospital, victoria",62,36.35,0.605833333,32.617,"frankston hospital, victoria",62.95,1.049166667,83.338,"geelong hospital, victoria",70.53333333,1.175555556,89.922,"northern hospital, victoria",12.93333333,0.215555556,8.87,"st vincent hospital, victoria",33.66666667,0.561111111,26.483,"sunshine hospital, victoria",18.75,0.3125,19.314
"3062,Victoria, Australia","box hill hospital, victoria",63,42.41666667,0.706944444,37.314,"frankston hospital, victoria",68.86666667,1.147777778,80.701,"geelong hospital, victoria",76.56666667,1.276111111,91.714,"northern hospital, victoria",12.63333333,0.210555556,7.755,"st vincent hospital, victoria",39.58333333,0.659722222,23.846,"sunshine hospital, victoria",24.8,0.413333333,21.106
"3063,Victoria, Australia","box hill hospital, victoria",64,47.5,0.791666667,46.708,"frankston hospital, victoria",67.26666667,1.121111111,88.421,"geelong hospital, victoria",75.13333333,1.252222222,94.981,"northern hospital, victoria",25.8,0.43,20.4,"st vincent hospital, victoria",37.98333333,0.633055556,31.566,"sunshine hospital, victoria",23.36666667,0.389444444,24.373
"3064,Victoria, Australia","box hill hospital, victoria",65,43.36666667,0.722777778,46.982,"frankston hospital, victoria",72.9,1.215,102.767,"geelong hospital, victoria",80.48333333,1.341388889,109.351,"northern hospital, victoria",14.36666667,0.239444444,17.415,"st vincent hospital, victoria",43.63333333,0.727222222,45.912,"sunshine hospital, victoria",28.7,0.478333333,38.743
"3065,Victoria, Australia","box hill hospital, victoria",66,16.85,0.280833333,15.98,"frankston hospital, victoria",47.56666667,0.792777778,64.469,"geelong hospital, victoria",71.53333333,1.192222222,80.565,"northern hospital, victoria",35.21666667,0.586944444,17.897,"st vincent hospital, victoria",8.483333333,0.141388889,1.973,"sunshine hospital, victoria",28.9,0.481666667,22.857
"3066,Victoria, Australia","box hill hospital, victoria",67,15.75,0.2625,15.617,"frankston hospital, victoria",45.76666667,0.762777778,55.37,"geelong hospital, victoria",73.43333333,1.223888889,80.5,"northern hospital, victoria",35.11666667,0.585277778,18.802,"st vincent hospital, victoria",7.483333333,0.124722222,2.21,"sunshine hospital, victoria",31.13333333,0.518888889,23.674
"3067,Victoria, Australia","box hill hospital, victoria",68,19.06666667,0.317777778,16.515,"frankston hospital, victoria",45.53333333,0.758888889,55.318,"geelong hospital, victoria",73.21666667,1.220277778,80.448,"northern hospital, victoria",36.8,0.613333333,18.933,"st vincent hospital, victoria",9.8,0.163333333,3.175,"sunshine hospital, victoria",35.03333333,0.583888889,24.723
"3068,Victoria, Australia","box hill hospital, victoria",69,16,0.266666667,15.865,"frankston hospital, victoria",46.71666667,0.778611111,64.355,"geelong hospital, victoria",72.85,1.214166667,81.069,"northern hospital, victoria",31.78333333,0.529722222,17.018,"st vincent hospital, victoria",12,0.2,3.471,"sunshine hospital, victoria",29.41666667,0.490277778,22.443
"3069,Victoria, Australia","box hill hospital, victoria",70,69.73333333,1.162222222,69.529,"frankston hospital, victoria",89.5,1.491666667,111.241,"geelong hospital, victoria",97.36666667,1.622777778,117.801,"northern hospital, victoria",47.08333333,0.784722222,49.136,"st vincent hospital, victoria",60.21666667,1.003611111,54.387,"sunshine hospital, victoria",45.6,0.76,47.193
"3070,Victoria, Australia","box hill hospital, victoria",71,19.63333333,0.327222222,17.176,"frankston hospital, victoria",50.35,0.839166667,65.665,"geelong hospital, victoria",79.83333333,1.330555556,83.475,"northern hospital, victoria",29.63333333,0.493888889,15.416,"st vincent hospital, victoria",17.43333333,0.290555556,6.347,"sunshine hospital, victoria",32.08333333,0.534722222,23.16
"3071,Victoria, Australia","box hill hospital, victoria",72,20.76666667,0.346111111,16.294,"frankston hospital, victoria",51.48333333,0.858055556,64.784,"geelong hospital, victoria",77.3,1.288333333,86.465,"northern hospital, victoria",26.46666667,0.441111111,14.379,"st vincent hospital, victoria",20.36666667,0.339444444,8.718,"sunshine hospital, victoria",29.28333333,0.488055556,21.355
"3072,Victoria, Australia","box hill hospital, victoria",73,23.98333333,0.399722222,16.187,"frankston hospital, victoria",54.7,0.911666667,64.677,"geelong hospital, victoria",78.33333333,1.305555556,90.575,"northern hospital, victoria",20.93333333,0.348888889,11.492,"st vincent hospital, victoria",24.75,0.4125,9.517,"sunshine hospital, victoria",26.55,0.4425,19.967
"3073,Victoria, Australia","box hill hospital, victoria",74,30.05,0.500833333,21.649,"frankston hospital, victoria",60.76666667,1.012777778,70.139,"geelong hospital, victoria",74.71666667,1.245277778,96.259,"northern hospital, victoria",14.9,0.248333333,8.595,"st vincent hospital, victoria",29.13333333,0.485555556,12.069,"sunshine hospital, victoria",22.93333333,0.382222222,25.651
"3074,Victoria, Australia","box hill hospital, victoria",75,32.46666667,0.541111111,27.61,"frankston hospital, victoria",63.16666667,1.052777778,76.1,"geelong hospital, victoria",71.88333333,1.198055556,92.815,"northern hospital, victoria",9.85,0.164166667,4.681,"st vincent hospital, victoria",34.86666667,0.581111111,15.548,"sunshine hospital, victoria",20.1,0.335,22.207
"3075,Victoria, Australia","box hill hospital, victoria",76,34.31666667,0.571944444,28.886,"frankston hospital, victoria",65.03333333,1.083888889,77.375,"geelong hospital, victoria",73.73333333,1.228888889,94.091,"northern hospital, victoria",5.966666667,0.099444444,2.916,"st vincent hospital, victoria",38.08333333,0.634722222,17.652,"sunshine hospital, victoria",21.96666667,0.366111111,23.483
"3076,Victoria, Australia","box hill hospital, victoria",77,40.58333333,0.676388889,30.755,"frankston hospital, victoria",71.28333333,1.188055556,79.245,"geelong hospital, victoria",79.93333333,1.332222222,99.076,"northern hospital, victoria",6.233333333,0.103888889,2.799,"st vincent hospital, victoria",45.15,0.7525,21.726,"sunshine hospital, victoria",28.16666667,0.469444444,28.468
"3077,Victoria, Australia","box hill hospital, victoria",78,69.73333333,1.162222222,69.529,"frankston hospital, victoria",89.5,1.491666667,111.241,"geelong hospital, victoria",97.36666667,1.622777778,117.801,"northern hospital, victoria",47.08333333,0.784722222,49.136,"st vincent hospital, victoria",60.21666667,1.003611111,54.387,"sunshine hospital, victoria",45.6,0.76,47.193
"3078,Victoria, Australia","box hill hospital, victoria",79,13.63333333,0.227222222,12.923,"frankston hospital, victoria",44.35,0.739166667,61.413,"geelong hospital, victoria",77.85,1.2975,86.55,"northern hospital, victoria",31.98333333,0.533055556,16.878,"st vincent hospital, victoria",17.23333333,0.287222222,7.102,"sunshine hospital, victoria",35.55,0.5925,24.698
"3079,Victoria, Australia","box hill hospital, victoria",80,16.15,0.269166667,14.618,"frankston hospital, victoria",46.85,0.780833333,63.108,"geelong hospital, victoria",80.35,1.339166667,88.245,"northern hospital, victoria",32.66666667,0.544444444,17.246,"st vincent hospital, victoria",19.36666667,0.322777778,10.221,"sunshine hospital, victoria",36.1,0.601666667,25.362
"3080,Victoria, Australia","box hill hospital, victoria",81,69.73333333,1.162222222,69.529,"frankston hospital, victoria",89.5,1.491666667,111.241,"geelong hospital, victoria",97.36666667,1.622777778,117.801,"northern hospital, victoria",47.08333333,0.784722222,49.136,"st vincent hospital, victoria",60.21666667,1.003611111,54.387,"sunshine hospital, victoria",45.6,0.76,47.193
"3081,Victoria, Australia","box hill hospital, victoria",82,20.01666667,0.333611111,13.596,"frankston hospital, victoria",50.71666667,0.845277778,62.085,"geelong hospital, victoria",83.68333333,1.394722222,93.968,"northern hospital, victoria",25.35,0.4225,13.765,"st vincent hospital, victoria",25.95,0.4325,16.567,"sunshine hospital, victoria",31.9,0.531666667,23.36
"3082,Victoria, Australia","box hill hospital, victoria",83,31.38333333,0.523055556,22.839,"frankston hospital, victoria",62.08333333,1.034722222,71.328,"geelong hospital, victoria",78.66666667,1.311111111,99.586,"northern hospital, victoria",11.25,0.1875,6.08,"st vincent hospital, victoria",37.83333333,0.630555556,25.931,"sunshine hospital, victoria",26.88333333,0.448055556,28.978
"3083,Victoria, Australia","box hill hospital, victoria",84,29.43333333,0.490555556,19.382,"frankston hospital, victoria",60.15,1.0025,67.872,"geelong hospital, victoria",75.45,1.2575,96.317,"northern hospital, victoria",15.63333333,0.260555556,8.654,"st vincent hospital, victoria",35.98333333,0.599722222,17.991,"sunshine hospital, victoria",23.68333333,0.394722222,25.709
"3084,Victoria, Australia","box hill hospital, victoria",85,17.46666667,0.291111111,12.084,"frankston hospital, victoria",48.16666667,0.802777778,60.574,"geelong hospital, victoria",83.08333333,1.384722222,105.18,"northern hospital, victoria",24.21666667,0.403611111,17.503,"st vincent hospital, victoria",23.85,0.3975,15.136,"sunshine hospital, victoria",31.3,0.521666667,34.572
"3085,Victoria, Australia","box hill hospital, victoria",86,20.2,0.336666667,14.086,"frankston hospital, victoria",50.91666667,0.848611111,62.576,"geelong hospital, victoria",79.35,1.3225,102.87,"northern hospital, victoria",20.48333333,0.341388889,15.193,"st vincent hospital, victoria",26.66666667,0.444444444,17.179,"sunshine hospital, victoria",27.58333333,0.459722222,32.262
"3086,Victoria, Australia","box hill hospital, victoria",87,24.21666667,0.403611111,15.762,"frankston hospital, victoria",54.93333333,0.915555556,64.252,"geelong hospital, victoria",81.4,1.356666667,101.426,"northern hospital, victoria",22.45,0.374166667,12.328,"st vincent hospital, victoria",30.15,0.5025,18.733,"sunshine hospital, victoria",29.61666667,0.493611111,30.818
"3087,Victoria, Australia","box hill hospital, victoria",88,24.15,0.4025,17.119,"frankston hospital, victoria",54.86666667,0.914444444,65.609,"geelong hospital, victoria",76.5,1.275,100.606,"northern hospital, victoria",17.63333333,0.293888889,12.93,"st vincent hospital, victoria",30.6,0.51,20.212,"sunshine hospital, victoria",24.73333333,0.412222222,29.998
"3088,Victoria, Australia","box hill hospital, victoria",89,25.88333333,0.431388889,16.36,"frankston hospital, victoria",55.2,0.92,63.532,"geelong hospital, victoria",78.18333333,1.303055556,102.387,"northern hospital, victoria",19.31666667,0.321944444,14.711,"st vincent hospital, victoria",33.81666667,0.563611111,23.727,"sunshine hospital, victoria",26.41666667,0.440277778,31.779
"3089,Victoria, Australia","box hill hospital, victoria",90,30.01666667,0.500277778,19.29,"frankston hospital, victoria",59.33333333,0.988888889,66.462,"geelong hospital, victoria",83.9,1.398333333,106.451,"northern hospital, victoria",25.03333333,0.417222222,18.775,"st vincent hospital, victoria",39.53333333,0.658888889,27.791,"sunshine hospital, victoria",32.13333333,0.535555556,35.843
"3090,Victoria, Australia","box hill hospital, victoria",91,31.7,0.528333333,20.518,"frankston hospital, victoria",61.01666667,1.016944444,67.69,"geelong hospital, victoria",82.13333333,1.368888889,104.764,"northern hospital, victoria",22.81666667,0.380277778,14.648,"st vincent hospital, victoria",37.76666667,0.629444444,26.104,"sunshine hospital, victoria",30.36666667,0.506111111,34.156
"3091,Victoria, Australia","box hill hospital, victoria",92,33.1,0.551666667,23.001,"frankston hospital, victoria",62.41666667,1.040277778,70.173,"geelong hospital, victoria",84.41666667,1.406944444,107.98,"northern hospital, victoria",19.46666667,0.324444444,12.302,"st vincent hospital, victoria",40.03333333,0.667222222,29.319,"sunshine hospital, victoria",32.65,0.544166667,37.372
"3092,Victoria, Australia","box hill hospital, victoria",93,69.73333333,1.162222222,69.529,"frankston hospital, victoria",89.5,1.491666667,111.241,"geelong hospital, victoria",97.36666667,1.622777778,117.801,"northern hospital, victoria",47.08333333,0.784722222,49.136,"st vincent hospital, victoria",60.21666667,1.003611111,54.387,"sunshine hospital, victoria",45.6,0.76,47.193
"3093,Victoria, Australia","box hill hospital, victoria",94,19.5,0.325,12.751,"frankston hospital, victoria",48.8,0.813333333,59.923,"geelong hospital, victoria",87.65,1.460833333,109.05,"northern hospital, victoria",28.78333333,0.479722222,21.373,"st vincent hospital, victoria",30.25,0.504166667,19.359,"sunshine hospital, victoria",35.86666667,0.597777778,38.442
"3094,Victoria, Australia","box hill hospital, victoria",95,19.18333333,0.319722222,12.223,"frankston hospital, victoria",48.5,0.808333333,59.395,"geelong hospital, victoria",83.2,1.386666667,105.719,"northern hospital, victoria",24.33333333,0.405555556,18.042,"st vincent hospital, victoria",31.18333333,0.519722222,20.877,"sunshine hospital, victoria",31.43333333,0.523888889,35.111
"3095,Victoria, Australia","box hill hospital, victoria",96,25.23333333,0.420555556,15.77,"frankston hospital, victoria",54.53333333,0.908888889,62.942,"geelong hospital, victoria",87.78333333,1.463055556,109.04,"northern hospital, victoria",28.91666667,0.481944444,21.364,"st vincent hospital, victoria",37.56666667,0.626111111,26.135,"sunshine hospital, victoria",36.01666667,0.600277778,38.433
"3096,Victoria, Australia","box hill hospital, victoria",97,31.03333333,0.517222222,27.038,"frankston hospital, victoria",54.2,0.903333333,62.921,"geelong hospital, victoria",87.23333333,1.453888889,109.145,"northern hospital, victoria",28.36666667,0.472777778,21.468,"st vincent hospital, victoria",42.86666667,0.714444444,30.485,"sunshine hospital, victoria",35.46666667,0.591111111,38.537
"3097,Victoria, Australia","box hill hospital, victoria",98,29.25,0.4875,25.277,"frankston hospital, victoria",52.41666667,0.873611111,61.16,"geelong hospital, victoria",92.76666667,1.546111111,114.772,"northern hospital, victoria",33.9,0.565,27.095,"st vincent hospital, victoria",43.26666667,0.721111111,33.213,"sunshine hospital, victoria",41,0.683333333,44.164
"3098,Victoria, Australia","box hill hospital, victoria",99,69.73333333,1.162222222,69.529,"frankston hospital, victoria",89.5,1.491666667,111.241,"geelong hospital, victoria",97.36666667,1.622777778,117.801,"northern hospital, victoria",47.08333333,0.784722222,49.136,"st vincent hospital, victoria",60.21666667,1.003611111,54.387,"sunshine hospital, victoria",45.6,0.76,47.193
"3099,Victoria, Australia","box hill hospital, victoria",100,41.45,0.690833333,36.908,"frankston hospital, victoria",64.61666667,1.076944444,72.791,"geelong hospital, victoria",98.16666667,1.636111111,119.217,"northern hospital, victoria",31.75,0.529166667,27.431,"st vincent hospital, victoria",53.78333333,0.896388889,40.557,"sunshine hospital, victoria",46.38333333,0.773055556,48.61
"3100,Victoria, Australia","box hill hospital, victoria",101,69.73333333,1.162222222,69.529,"frankston hospital, victoria",89.5,1.491666667,111.241,"geelong hospital, victoria",97.36666667,1.622777778,117.801,"northern hospital, victoria",47.08333333,0.784722222,49.136,"st vincent hospital, victoria",60.21666667,1.003611111,54.387,"sunshine hospital, victoria",45.6,0.76,47.193
"3101,Victoria, Australia","box hill hospital, victoria",102,14.05,0.234166667,13.124,"frankston hospital, victoria",44.76666667,0.746111111,61.614,"geelong hospital, victoria",73.15,1.219166667,83.866,"northern hospital, victoria",37.33333333,0.622222222,20.157,"st vincent hospital, victoria",15.71666667,0.261944444,8.272,"sunshine hospital, victoria",34.88333333,0.581388889,34.402
"3102,Victoria, Australia","box hill hospital, victoria",103,13.85,0.230833333,8.291,"frankston hospital, victoria",44.43333333,0.740555556,56.662,"geelong hospital, victoria",77.53333333,1.292222222,86.47,"northern hospital, victoria",33.93333333,0.565555556,23.817,"st vincent hospital, victoria",17.25,0.2875,11.496,"sunshine hospital, victoria",36.31666667,0.605277778,31.611
"3103,Victoria, Australia","box hill hospital, victoria",104,9.35,0.155833333,4.574,"frankston hospital, victoria",43.31666667,0.721944444,56.091,"geelong hospital, victoria",78.83333333,1.313888889,87.592,"northern hospital, victoria",38.26666667,0.637777778,25.986,"st vincent hospital, victoria",21.6,0.36,13.666,"sunshine hospital, victoria",40.56666667,0.676111111,38.128
"3104,Victoria, Australia","box hill hospital, victoria",105,8.45,0.140833333,5.272,"frankston hospital, victoria",39.16666667,0.652777778,53.761,"geelong hospital, victoria",80.91666667,1.348611111,93.184,"northern hospital, victoria",37.01666667,0.616944444,25.207,"st vincent hospital, victoria",19.23333333,0.320555556,15.362,"sunshine hospital, victoria",38.28333333,0.638055556,35.476
"3105,Victoria, Australia","box hill hospital, victoria",106,11.35,0.189166667,8.858,"frankston hospital, victoria",42.06666667,0.701111111,57.348,"geelong hospital, victoria",81.18333333,1.353055556,91.595,"northern hospital, victoria",30.18333333,0.503055556,20.919,"st vincent hospital, victoria",19.5,0.325,13.773,"sunshine hospital, victoria",37.6,0.626666667,27.06
"3106,Victoria, Australia","box hill hospital, victoria",107,16.53333333,0.275555556,9.828,"frankston hospital, victoria",42.1,0.701666667,54.262,"geelong hospital, victoria",90.36666667,1.506111111,98.162,"northern hospital, victoria",33.9,0.565,25.719,"st vincent hospital, victoria",28.66666667,0.477777778,20.34,"sunshine hospital, victoria",41,0.683333333,42.788
"3107,Victoria, Australia","box hill hospital, victoria",108,10.93333333,0.182222222,9.123,"frankston hospital, victoria",41.65,0.694166667,57.612,"geelong hospital, victoria",82.15,1.369166667,92.481,"northern hospital, victoria",33.7,0.561666667,23.274,"st vincent hospital, victoria",20.45,0.340833333,14.659,"sunshine hospital, victoria",39.5,0.658333333,34.773
"3108,Victoria, Australia","box hill hospital, victoria",109,6.35,0.105833333,3.277,"frankston hospital, victoria",38.36666667,0.639444444,51.305,"geelong hospital, victoria",82.75,1.379166667,93.682,"northern hospital, victoria",37.5,0.625,27.016,"st vincent hospital, victoria",21.06666667,0.351111111,15.859,"sunshine hospital, victoria",40.11666667,0.668611111,35.973
"3109,Victoria, Australia","box hill hospital, victoria",110,9.016666667,0.150277778,5.901,"frankston hospital, victoria",36.7,0.611666667,50.565,"geelong hospital, victoria",84.9,1.415,97.783,"northern hospital, victoria",39.31666667,0.655277778,28.71,"st vincent hospital, victoria",23.2,0.386666667,19.961,"sunshine hospital, victoria",42.26666667,0.704444444,40.075
"3110,Victoria, Australia","box hill hospital, victoria",111,69.73333333,1.162222222,69.529,"frankston hospital, victoria",89.5,1.491666667,111.241,"geelong hospital, victoria",97.36666667,1.622777778,117.801,"northern hospital, victoria",47.08333333,0.784722222,49.136,"st vincent hospital, victoria",60.21666667,1.003611111,54.387,"sunshine hospital, victoria",45.6,0.76,47.193
"3111,Victoria, Australia","box hill hospital, victoria",112,10.85,0.180833333,8.898,"frankston hospital, victoria",34.6,0.576666667,47.12,"geelong hospital, victoria",86.73333333,1.445555556,100.781,"northern hospital, victoria",42.76666667,0.712777778,32.417,"st vincent hospital, victoria",25.03333333,0.417222222,22.958,"sunshine hospital, victoria",44.08333333,0.734722222,43.072
"3112,Victoria, Australia","box hill hospital, victoria",113,69.73333333,1.162222222,69.529,"frankston hospital, victoria",89.5,1.491666667,111.241,"geelong hospital, victoria",97.36666667,1.622777778,117.801,"northern hospital, victoria",47.08333333,0.784722222,49.136,"st vincent hospital, victoria",60.21666667,1.003611111,54.387,"sunshine hospital, victoria",45.6,0.76,47.193
"3113,Victoria, Australia","box hill hospital, victoria",114,18.23333333,0.303888889,15.563,"frankston hospital, victoria",41.98333333,0.699722222,53.785,"geelong hospital, victoria",94.11666667,1.568611111,107.446,"northern hospital, victoria",37.96666667,0.632777778,30.177,"st vincent hospital, victoria",32.41666667,0.540277778,29.624,"sunshine hospital, victoria",45.06666667,0.751111111,47.246
"3114,Victoria, Australia","box hill hospital, victoria",115,16.55,0.275833333,13.22,"frankston hospital, victoria",38.98333333,0.649722222,47.975,"geelong hospital, victoria",92.41666667,1.540277778,105.103,"northern hospital, victoria",43.63333333,0.727222222,33.365,"st vincent hospital, victoria",30.71666667,0.511944444,27.28,"sunshine hospital, victoria",50.73333333,0.845555556,50.434
"3115,Victoria, Australia","box hill hospital, victoria",116,23.38333333,0.389722222,20.407,"frankston hospital, victoria",43.75,0.729166667,53.506,"geelong hospital, victoria",99.26666667,1.654444444,112.289,"northern hospital, victoria",42.45,0.7075,34.35,"st vincent hospital, victoria",37.56666667,0.626111111,34.467,"sunshine hospital, victoria",49.55,0.825833333,51.419
"3116,Victoria, Australia","box hill hospital, victoria",117,29.81666667,0.496944444,25.711,"frankston hospital, victoria",48.83333333,0.813888889,56.762,"geelong hospital, victoria",105.7,1.761666667,117.594,"northern hospital, victoria",48.88333333,0.814722222,39.654,"st vincent hospital, victoria",44,0.733333333,39.771,"sunshine hospital, victoria",55.98333333,0.933055556,56.723
"3117,Victoria, Australia","box hill hospital, victoria",118,69.73333333,1.162222222,69.529,"frankston hospital, victoria",89.5,1.491666667,111.241,"geelong hospital, victoria",97.36666667,1.622777778,117.801,"northern hospital, victoria",47.08333333,0.784722222,49.136,"st vincent hospital, victoria",60.21666667,1.003611111,54.387,"sunshine hospital, victoria",45.6,0.76,47.193
"3118,Victoria, Australia","box hill hospital, victoria",119,69.73333333,1.162222222,69.529,"frankston hospital, victoria",89.5,1.491666667,111.241,"geelong hospital, victoria",97.36666667,1.622777778,117.801,"northern hospital, victoria",47.08333333,0.784722222,49.136,"st vincent hospital, victoria",60.21666667,1.003611111,54.387,"sunshine hospital, victoria",45.6,0.76,47.193
"3119,Victoria, Australia","box hill hospital, victoria",120,69.73333333,1.162222222,69.529,"frankston hospital, victoria",89.5,1.491666667,111.241,"geelong hospital, victoria",97.36666667,1.622777778,117.801,"northern hospital, victoria",47.08333333,0.784722222,49.136,"st vincent hospital, victoria",60.21666667,1.003611111,54.387,"sunshine hospital, victoria",45.6,0.76,47.193
"3120,Victoria, Australia","box hill hospital, victoria",121,69.73333333,1.162222222,69.529,"frankston hospital, victoria",89.5,1.491666667,111.241,"geelong hospital, victoria",97.36666667,1.622777778,117.801,"northern hospital, victoria",47.08333333,0.784722222,49.136,"st vincent hospital, victoria",60.21666667,1.003611111,54.387,"sunshine hospital, victoria",45.6,0.76,47.193
"3121,Victoria, Australia","box hill hospital, victoria",122,23.75,0.395833333,16.732,"frankston hospital, victoria",42.25,0.704166667,51.562,"geelong hospital, victoria",69.15,1.1525,81.25,"northern hospital, victoria",42.13333333,0.702222222,21.169,"st vincent hospital, victoria",12.43333333,0.207222222,3.638,"sunshine hospital, victoria",30.86666667,0.514444444,31.786
"3122,Victoria, Australia","box hill hospital, victoria",123,17.5,0.291666667,9.251,"frankston hospital, victoria",40.33333333,0.672222222,49.405,"geelong hospital, victoria",68.16666667,1.136111111,81.796,"northern hospital, victoria",41.9,0.698333333,22.459,"st vincent hospital, victoria",18.75,0.3125,6.396,"sunshine hospital, victoria",29.9,0.498333333,32.332
"3123,Victoria, Australia","box hill hospital, victoria",124,17.35,0.289166667,8.174,"frankston hospital, victoria",37.08333333,0.618055556,47.183,"geelong hospital, victoria",69.78333333,1.163055556,85.009,"northern hospital, victoria",43.36666667,0.722777778,27.694,"st vincent hospital, victoria",20.58333333,0.343055556,12.491,"sunshine hospital, victoria",31.5,0.525,35.545
"3124,Victoria, Australia","box hill hospital, victoria",125,14.05,0.234166667,7.071,"frankston hospital, victoria",37.56666667,0.626111111,47.632,"geelong hospital, victoria",72.7,1.211666667,86.184,"northern hospital, victoria",43.03333333,0.717222222,28.207,"st vincent hospital, victoria",23.51666667,0.391944444,13.666,"sunshine hospital, victoria",34.43333333,0.573888889,36.72
"3125,Victoria, Australia","box hill hospital, victoria",126,8.866666667,0.147777778,4.198,"frankston hospital, victoria",36.58333333,0.609722222,42.682,"geelong hospital, victoria",77.18333333,1.286388889,88.823,"northern hospital, victoria",46.28333333,0.771388889,32.809,"st vincent hospital, victoria",27.98333333,0.466388889,16.305,"sunshine hospital, victoria",38.9,0.648333333,39.358
"3126,Victoria, Australia","box hill hospital, victoria",127,10.68333333,0.178055556,5.331,"frankston hospital, victoria",40.7,0.678333333,49.304,"geelong hospital, victoria",75.81666667,1.263611111,87.846,"northern hospital, victoria",41.3,0.688333333,27.553,"st vincent hospital, victoria",24.9,0.415,9.747,"sunshine hospital, victoria",37.53333333,0.625555556,38.382
"3127,Victoria, Australia","box hill hospital, victoria",128,6.6,0.11,3.024,"frankston hospital, victoria",40.25,0.670833333,45.59,"geelong hospital, victoria",78.66666667,1.311111111,90.019,"northern hospital, victoria",44.15,0.735833333,29.726,"st vincent hospital, victoria",27.75,0.4625,11.919,"sunshine hospital, victoria",40.38333333,0.673055556,40.555
"3128,Victoria, Australia","box hill hospital, victoria",129,7.25,0.120833333,2.738,"frankston hospital, victoria",36.98333333,0.616388889,44.009,"geelong hospital, victoria",80.48333333,1.341388889,91.566,"northern hospital, victoria",44.75,0.745833333,31.702,"st vincent hospital, victoria",27.01666667,0.450277778,20.394,"sunshine hospital, victoria",42.2,0.703333333,42.101
"3129,Victoria, Australia","box hill hospital, victoria",130,2.983333333,0.049722222,1.157,"frankston hospital, victoria",37.88333333,0.631388889,51.169,"geelong hospital, victoria",82.75,1.379166667,94.725,"northern hospital, victoria",38.8,0.646666667,28.21,"st vincent hospital, victoria",21.06666667,0.351111111,16.902,"sunshine hospital, victoria",40.11666667,0.668611111,37.016
"3130,Victoria, Australia","box hill hospital, victoria",131,9.366666667,0.156111111,4.807,"frankston hospital, victoria",37.1,0.618333333,44.371,"geelong hospital, victoria",86.23333333,1.437222222,102.185,"northern hospital, victoria",44.5,0.741666667,33.72,"st vincent hospital, victoria",26.78333333,0.446388889,22.413,"sunshine hospital, victoria",45.83333333,0.763888889,42.527
"3131,Victoria, Australia","box hill hospital, victoria",132,12.18333333,0.203055556,6.365,"frankston hospital, victoria",35.51666667,0.591944444,43.581,"geelong hospital, victoria",87.66666667,1.461111111,101.057,"northern hospital, victoria",43.7,0.728333333,34.542,"st vincent hospital, victoria",25.98333333,0.433055556,23.234,"sunshine hospital, victoria",45.03333333,0.750555556,43.348
"3132,Victoria, Australia","box hill hospital, victoria",133,15.75,0.2625,8.225,"frankston hospital, victoria",33.2,0.553333333,41.866,"geelong hospital, victoria",90.78333333,1.513055556,105.411,"northern hospital, victoria",46.81666667,0.780277778,38.896,"st vincent hospital, victoria",29.08333333,0.484722222,27.589,"sunshine hospital, victoria",48.15,0.8025,47.703
"3133,Victoria, Australia","box hill hospital, victoria",134,18.03333333,0.300555556,17.793,"frankston hospital, victoria",30.18333333,0.503055556,38.656,"geelong hospital, victoria",88.8,1.48,105.82,"northern hospital, victoria",49.95,0.8325,43.161,"st vincent hospital, victoria",32.21666667,0.536944444,31.854,"sunshine hospital, victoria",50.53333333,0.842222222,56.356
"3134,Victoria, Australia","box hill hospital, victoria",135,18.5,0.308333333,15.899,"frankston hospital, victoria",36.91666667,0.615277778,46.192,"geelong hospital, victoria",94.36666667,1.572777778,107.781,"northern hospital, victoria",46.96666667,0.782777778,36.19,"st vincent hospital, victoria",32.68333333,0.544722222,29.959,"sunshine hospital, victoria",51.73333333,0.862222222,50.073
"3135,Victoria, Australia","box hill hospital, victoria",136,18.78333333,0.313055556,15.795,"frankston hospital, victoria",35.65,0.594166667,44.3,"geelong hospital, victoria",94.65,1.5775,107.678,"northern hospital, victoria",50.7,0.845,41.163,"st vincent hospital, victoria",32.96666667,0.549444444,29.856,"sunshine hospital, victoria",52.01666667,0.866944444,49.97
"3136,Victoria, Australia","box hill hospital, victoria",137,20.16666667,0.336111111,17.352,"frankston hospital, victoria",38.56666667,0.642777778,47.646,"geelong hospital, victoria",96.03333333,1.600555556,109.235,"northern hospital, victoria",52.06666667,0.867777778,42.72,"st vincent hospital, victoria",34.33333333,0.572222222,31.412,"sunshine hospital, victoria",53.4,0.89,51.526
"3137,Victoria, Australia","box hill hospital, victoria",138,27.33333333,0.455555556,23.692,"frankston hospital, victoria",42.5,0.708333333,49.82,"geelong hospital, victoria",100.9333333,1.682222222,116.303,"northern hospital, victoria",59.25,0.9875,49.059,"st vincent hospital, victoria",41.51666667,0.691944444,37.752,"sunshine hospital, victoria",60.56666667,1.009444444,57.866
"3138,Victoria, Australia","box hill hospital, victoria",139,28.8,0.48,22.808,"frankston hospital, victoria",47.21666667,0.786944444,53.101,"geelong hospital, victoria",104.6833333,1.744722222,114.69,"northern hospital, victoria",58.76666667,0.979444444,44.015,"st vincent hospital, victoria",42.98333333,0.716388889,36.868,"sunshine hospital, victoria",62.05,1.034166667,56.982
"3139,Victoria, Australia","box hill hospital, victoria",140,58.3,0.971666667,53.671,"frankston hospital, victoria",73.51666667,1.225277778,79.668,"geelong hospital, victoria",132.3666667,2.206111111,155.313,"northern hospital, victoria",86.2,1.436666667,80.274,"st vincent hospital, victoria",72.48333333,1.208055556,67.732,"sunshine hospital, victoria",91.53333333,1.525555556,87.846
"3140,Victoria, Australia","box hill hospital, victoria",141,31.05,0.5175,26.011,"frankston hospital, victoria",49.46666667,0.824444444,56.304,"geelong hospital, victoria",106.9333333,1.782222222,117.893,"northern hospital, victoria",57.66666667,0.961111111,45.62,"st vincent hospital, victoria",45.23333333,0.753888889,40.071,"sunshine hospital, victoria",64.28333333,1.071388889,60.185
"3141,Victoria, Australia","box hill hospital, victoria",142,25.65,0.4275,19.929,"frankston hospital, victoria",41.46666667,0.691111111,52.631,"geelong hospital, victoria",68.11666667,1.135277778,78.69,"northern hospital, victoria",43.3,0.721666667,22.626,"st vincent hospital, victoria",12.68333333,0.211388889,4.788,"sunshine hospital, victoria",29.85,0.4975,29.226
"3142,Victoria, Australia","box hill hospital, victoria",143,26.7,0.445,12.411,"frankston hospital, victoria",38.5,0.641666667,47.932,"geelong hospital, victoria",67.26666667,1.121111111,81.285,"northern hospital, victoria",39.95,0.665833333,44.235,"st vincent hospital, victoria",18.63333333,0.310555556,7.673,"sunshine hospital, victoria",28.98333333,0.483055556,31.821
"3143,Victoria, Australia","box hill hospital, victoria",144,29.18333333,0.486388889,14.096,"frankston hospital, victoria",41.25,0.6875,48.607,"geelong hospital, victoria",71.43333333,1.190555556,83.007,"northern hospital, victoria",44.75,0.745833333,44.478,"st vincent hospital, victoria",22.36666667,0.372777778,9.167,"sunshine hospital, victoria",33.15,0.5525,33.543
"3144,Victoria, Australia","box hill hospital, victoria",145,24.23333333,0.403888889,11.508,"frankston hospital, victoria",36.58333333,0.609722222,46.383,"geelong hospital, victoria",69.61666667,1.160277778,83.628,"northern hospital, victoria",42.3,0.705,46.578,"st vincent hospital, victoria",20.41666667,0.340277778,11.11,"sunshine hospital, victoria",31.33333333,0.522222222,34.164
"3145,Victoria, Australia","box hill hospital, victoria",146,22.5,0.375,11.98,"frankston hospital, victoria",35.25,0.5875,42.928,"geelong hospital, victoria",72.31666667,1.205277778,87.077,"northern hospital, victoria",45,0.75,50.026,"st vincent hospital, victoria",23.11666667,0.385277778,14.559,"sunshine hospital, victoria",34.03333333,0.567222222,37.612
"3146,Victoria, Australia","box hill hospital, victoria",147,21.25,0.354166667,10.671,"frankston hospital, victoria",33.38333333,0.556388889,45.262,"geelong hospital, victoria",67.15,1.119166667,84.58,"northern hospital, victoria",39.83333333,0.663888889,47.529,"st vincent hospital, victoria",17.95,0.299166667,12.062,"sunshine hospital, victoria",28.86666667,0.481111111,35.116
"3147,Victoria, Australia","box hill hospital, victoria",148,15.36666667,0.256111111,7.769,"frankston hospital, victoria",32,0.533333333,40.97,"geelong hospital, victoria",72.93333333,1.215555556,88.262,"northern hospital, victoria",45.61666667,0.760277778,51.211,"st vincent hospital, victoria",23.73333333,0.395555556,15.744,"sunshine hospital, victoria",34.65,0.5775,38.798
"3148,Victoria, Australia","box hill hospital, victoria",149,17.9,0.298333333,9.557,"frankston hospital, victoria",28.95,0.4825,38.889,"geelong hospital, victoria",72.48333333,1.208055556,90.354,"northern hospital, victoria",45.16666667,0.752777778,53.303,"st vincent hospital, victoria",23.28333333,0.388055556,17.836,"sunshine hospital, victoria",34.2,0.57,40.89
"3149,Victoria, Australia","box hill hospital, victoria",150,17.65,0.294166667,8.954,"frankston hospital, victoria",29.8,0.496666667,37.667,"geelong hospital, victoria",76.88333333,1.281388889,95.311,"northern hospital, victoria",49.56666667,0.826111111,58.26,"st vincent hospital, victoria",27.7,0.461666667,22.793,"sunshine hospital, victoria",38.61666667,0.643611111,45.847
"3150,Victoria, Australia","box hill hospital, victoria",151,21.96666667,0.366111111,23.391,"frankston hospital, victoria",27.41666667,0.456944444,34.677,"geelong hospital, victoria",78.31666667,1.305277778,98.372,"northern hospital, victoria",51,0.85,61.321,"st vincent hospital, victoria",29.11666667,0.485277778,25.854,"sunshine hospital, victoria",40.03333333,0.667222222,48.908
"3151,Victoria, Australia","box hill hospital, victoria",152,13.53333333,0.225555556,7.809,"frankston hospital, victoria",33.45,0.5575,41.57,"geelong hospital, victoria",81.98333333,1.366388889,92.695,"northern hospital, victoria",49.3,0.821666667,36.946,"st vincent hospital, victoria",31.56666667,0.526111111,25.638,"sunshine hospital, victoria",43.7,0.728333333,43.231
"3152,Victoria, Australia","box hill hospital, victoria",153,17.96666667,0.299444444,18.407,"frankston hospital, victoria",28.66666667,0.477777778,36.543,"geelong hospital, victoria",87.51666667,1.458611111,112.188,"northern hospital, victoria",49.88333333,0.831388889,43.775,"st vincent hospital, victoria",32.15,0.535833333,32.467,"sunshine hospital, victoria",49.23333333,0.820555556,62.724
"3153,Victoria, Australia","box hill hospital, victoria",154,20.66666667,0.344444444,19.408,"frankston hospital, victoria",34.35,0.5725,42.84,"geelong hospital, victoria",93.2,1.553333333,118.485,"northern hospital, victoria",52.58333333,0.876388889,44.776,"st vincent hospital, victoria",34.85,0.580833333,33.469,"sunshine hospital, victoria",53.91666667,0.898611111,53.583
"3154,Victoria, Australia","box hill hospital, victoria",155,27.65,0.460833333,24.693,"frankston hospital, victoria",40.91666667,0.681944444,47.591,"geelong hospital, victoria",99.36666667,1.656111111,114.075,"northern hospital, victoria",59.55,0.9925,50.06,"st vincent hospital, victoria",41.81666667,0.696944444,38.753,"sunshine hospital, victoria",60.88333333,1.014722222,58.867
"3155,Victoria, Australia","box hill hospital, victoria",156,23.36666667,0.389444444,21.287,"frankston hospital, victoria",36.65,0.610833333,44.185,"geelong hospital, victoria",95.08333333,1.584722222,110.668,"northern hospital, victoria",55.28333333,0.921388889,46.654,"st vincent hospital, victoria",37.55,0.625833333,35.347,"sunshine hospital, victoria",56.6,0.943333333,55.461
"3156,Victoria, Australia","box hill hospital, victoria",157,29.18333333,0.486388889,32.362,"frankston hospital, victoria",31.11666667,0.518611111,37.382,"geelong hospital, victoria",89.83333333,1.497222222,110.477,"northern hospital, victoria",61.08333333,1.018055556,57.729,"st vincent hospital, victoria",40.63333333,0.677222222,37.959,"sunshine hospital, victoria",51.55,0.859166667,61.013
"3157,Victoria, Australia","box hill hospital, victoria",158,69.73333333,1.162222222,69.529,"frankston hospital, victoria",89.5,1.491666667,111.241,"geelong hospital, victoria",97.36666667,1.622777778,117.801,"northern hospital, victoria",47.08333333,0.784722222,49.136,"st vincent hospital, victoria",60.21666667,1.003611111,54.387,"sunshine hospital, victoria",45.6,0.76,47.193
"3158,Victoria, Australia","box hill hospital, victoria",159,31.68333333,0.528055556,28.345,"frankston hospital, victoria",37.81666667,0.630277778,42.783,"geelong hospital, victoria",96.51666667,1.608611111,115.878,"northern hospital, victoria",63.58333333,1.059722222,53.713,"st vincent hospital, victoria",45.85,0.764166667,42.405,"sunshine hospital, victoria",58.25,0.970833333,66.414
"3159,Victoria, Australia","box hill hospital, victoria",160,39.31666667,0.655277778,44.949,"frankston hospital, victoria",41.26666667,0.687777778,49.97,"geelong hospital, victoria",99.96666667,1.666111111,123.065,"northern hospital, victoria",71.23333333,1.187222222,70.317,"st vincent hospital, victoria",50.78333333,0.846388889,50.547,"sunshine hospital, victoria",61.7,1.028333333,73.601
"3160,Victoria, Australia","box hill hospital, victoria",161,33.93333333,0.565555556,38.248,"frankston hospital, victoria",35.86666667,0.597777778,43.268,"geelong hospital, victoria",94.58333333,1.576388889,116.363,"northern hospital, victoria",65.83333333,1.097222222,63.615,"st vincent hospital, victoria",45.38333333,0.756388889,43.845,"sunshine hospital, victoria",56.3,0.938333333,66.899
"3161,Victoria, Australia","box hill hospital, victoria",162,30.85,0.514166667,15.793,"frankston hospital, victoria",43.48333333,0.724722222,47.929,"geelong hospital, victoria",72.31666667,1.205277778,82.294,"northern hospital, victoria",44.96666667,0.749444444,45.247,"st vincent hospital, victoria",25.35,0.4225,10.951,"sunshine hospital, victoria",34.03333333,0.567222222,32.829
"3162,Victoria, Australia","box hill hospital, victoria",163,32.96666667,0.549444444,17.177,"frankston hospital, victoria",41.4,0.69,36.379,"geelong hospital, victoria",78.73333333,1.312222222,85.004,"northern hospital, victoria",51.38333333,0.856388889,47.958,"st vincent hospital, victoria",30.53333333,0.508888889,13.766,"sunshine hospital, victoria",40.45,0.674166667,35.54
"3163,Victoria, Australia","box hill hospital, victoria",164,27.08333333,0.451388889,13.448,"frankston hospital, victoria",38.85,0.6475,44.409,"geelong hospital, victoria",77.83333333,1.297222222,89.395,"northern hospital, victoria",50.51666667,0.841944444,52.344,"st vincent hospital, victoria",28.63333333,0.477222222,16.877,"sunshine hospital, victoria",39.55,0.659166667,39.931
"3164,Victoria, Australia","box hill hospital, victoria",165,69.73333333,1.162222222,69.529,"frankston hospital, victoria",89.5,1.491666667,111.241,"geelong hospital, victoria",97.36666667,1.622777778,117.801,"northern hospital, victoria",47.08333333,0.784722222,49.136,"st vincent hospital, victoria",60.21666667,1.003611111,54.387,"sunshine hospital, victoria",45.6,0.76,47.193
"3165,Victoria, Australia","box hill hospital, victoria",166,28.81666667,0.480277778,14.973,"frankston hospital, victoria",35.13333333,0.585555556,32.907,"geelong hospital, victoria",79.66666667,1.327777778,94.751,"northern hospital, victoria",52.35,0.8725,57.7,"st vincent hospital, victoria",30.48333333,0.508055556,22.233,"sunshine hospital, victoria",41.4,0.69,45.287
"3166,Victoria, Australia","box hill hospital, victoria",167,21.98333333,0.366388889,11.358,"frankston hospital, victoria",31.21666667,0.520277778,39.904,"geelong hospital, victoria",74.58333333,1.243055556,91.862,"northern hospital, victoria",47.26666667,0.787777778,54.811,"st vincent hospital, victoria",25.38333333,0.423055556,19.344,"sunshine hospital, victoria",36.3,0.605,42.398
"3167,Victoria, Australia","box hill hospital, victoria",168,27.4,0.456666667,14.501,"frankston hospital, victoria",34.11666667,0.568611111,30.655,"geelong hospital, victoria",79.41666667,1.323611111,94.265,"northern hospital, victoria",52.1,0.868333333,57.214,"st vincent hospital, victoria",30.21666667,0.503611111,21.747,"sunshine hospital, victoria",41.13333333,0.685555556,44.8
"3168,Victoria, Australia","box hill hospital, victoria",169,26.5,0.441666667,14.928,"frankston hospital, victoria",29.98333333,0.499722222,31.955,"geelong hospital, victoria",80.18333333,1.336388889,98.284,"northern hospital, victoria",52.86666667,0.881111111,61.233,"st vincent hospital, victoria",30.98333333,0.516388889,25.766,"sunshine hospital, victoria",41.9,0.698333333,48.819
"3169,Victoria, Australia","box hill hospital, victoria",170,32.18333333,0.536388889,16.77,"frankston hospital, victoria",28.53333333,0.475555556,27.131,"geelong hospital, victoria",85.23333333,1.420555556,101.845,"northern hospital, victoria",57.91666667,0.965277778,64.794,"st vincent hospital, victoria",36.05,0.600833333,29.327,"sunshine hospital, victoria",46.96666667,0.782777778,52.381
"3170,Victoria, Australia","box hill hospital, victoria",171,26.08333333,0.434722222,28.839,"frankston hospital, victoria",26.38333333,0.439722222,31.119,"geelong hospital, victoria",82.3,1.371666667,103.162,"northern hospital, victoria",54.98333333,0.916388889,66.111,"st vincent hospital, victoria",33.1,0.551666667,30.644,"sunshine hospital, victoria",44.01666667,0.733611111,53.697
"3171,Victoria, Australia","box hill hospital, victoria",172,29.76666667,0.496111111,31.186,"frankston hospital, victoria",26.66666667,0.444444444,24.891,"geelong hospital, victoria",83.48333333,1.391388889,101.277,"northern hospital, victoria",56.16666667,0.936111111,64.226,"st vincent hospital, victoria",34.3,0.571666667,28.759,"sunshine hospital, victoria",45.21666667,0.753611111,51.813
"3172,Victoria, Australia","box hill hospital, victoria",173,33.06666667,0.551111111,38.746,"frankston hospital, victoria",22.81666667,0.380277778,22.341,"geelong hospital, victoria",87.93333333,1.465555556,103.889,"northern hospital, victoria",60.61666667,1.010277778,66.839,"st vincent hospital, victoria",38.75,0.645833333,31.371,"sunshine hospital, victoria",49.66666667,0.827777778,54.425
"3173,Victoria, Australia","box hill hospital, victoria",174,28.28333333,0.471388889,34.928,"frankston hospital, victoria",19.33333333,0.322222222,21.532,"geelong hospital, victoria",86.55,1.4425,110.983,"northern hospital, victoria",60.2,1.003333333,60.295,"st vincent hospital, victoria",37.35,0.6225,38.466,"sunshine hospital, victoria",48.26666667,0.804444444,61.519
"3174,Victoria, Australia","box hill hospital, victoria",175,25.18333333,0.419722222,30.566,"frankston hospital, victoria",21.81666667,0.363611111,25.824,"geelong hospital, victoria",83.43333333,1.390555556,106.622,"northern hospital, victoria",57.1,0.951666667,55.934,"st vincent hospital, victoria",34.25,0.570833333,34.104,"sunshine hospital, victoria",45.16666667,0.752777778,57.158
"3175,Victoria, Australia","box hill hospital, victoria",176,29.6,0.493333333,36.667,"frankston hospital, victoria",17.28333333,0.288055556,19.386,"geelong hospital, victoria",87.85,1.464166667,112.723,"northern hospital, victoria",61.51666667,1.025277778,62.035,"st vincent hospital, victoria",38.66666667,0.644444444,40.205,"sunshine hospital, victoria",49.58333333,0.826388889,63.259
"3176,Victoria, Australia","box hill hospital, victoria",177,69.73333333,1.162222222,69.529,"frankston hospital, victoria",89.5,1.491666667,111.241,"geelong hospital, victoria",97.36666667,1.622777778,117.801,"northern hospital, victoria",47.08333333,0.784722222,49.136,"st vincent hospital, victoria",60.21666667,1.003611111,54.387,"sunshine hospital, victoria",45.6,0.76,47.193
"3177,Victoria, Australia","box hill hospital, victoria",178,29.23333333,0.487222222,33.579,"frankston hospital, victoria",24.06666667,0.401111111,25.724,"geelong hospital, victoria",87.35,1.455833333,109.61,"northern hospital, victoria",61.13333333,1.018888889,58.946,"st vincent hospital, victoria",38.15,0.635833333,37.092,"sunshine hospital, victoria",49.06666667,0.817777778,60.146
"3178,Victoria, Australia","box hill hospital, victoria",179,24.13333333,0.402222222,26.941,"frankston hospital, victoria",26.06666667,0.434444444,31.961,"geelong hospital, victoria",84.78333333,1.413055556,105.056,"northern hospital, victoria",56.03333333,0.933888889,52.308,"st vincent hospital, victoria",35.58333333,0.593055556,32.538,"sunshine hospital, victoria",46.5,0.775,55.592
"3179,Victoria, Australia","box hill hospital, victoria",180,18.38333333,0.306388889,21.897,"frankston hospital, victoria",23.48333333,0.391388889,31.926,"geelong hospital, victoria",81.98333333,1.366388889,102.104,"northern hospital, victoria",50.3,0.838333333,47.264,"st vincent hospital, victoria",32.56666667,0.542777778,35.957,"sunshine hospital, victoria",43.71666667,0.728611111,52.64
"3180,Victoria, Australia","box hill hospital, victoria",181,22.18333333,0.369722222,22.506,"frankston hospital, victoria",28.65,0.4775,35.171,"geelong hospital, victoria",87.15,1.4525,105.349,"northern hospital, victoria",54.08333333,0.901388889,47.874,"st vincent hospital, victoria",36.36666667,0.606111111,36.567,"sunshine hospital, victoria",48.88333333,0.814722222,55.884
"3181,Victoria, Australia","box hill hospital, victoria",182,31.68333333,0.528055556,21.111,"frankston hospital, victoria",45.01666667,0.750277778,53.587,"geelong hospital, victoria",68.93333333,1.148888889,79.982,"northern hospital, victoria",41.58333333,0.693055556,42.936,"st vincent hospital, victoria",20.88333333,0.348055556,7.392,"sunshine hospital, victoria",30.65,0.510833333,30.518
"3182,Victoria, Australia","box hill hospital, victoria",183,32.16666667,0.536111111,22.365,"frankston hospital, victoria",48.75,0.8125,58.357,"geelong hospital, victoria",67.33333333,1.122222222,78.437,"northern hospital, victoria",39.98333333,0.666388889,41.391,"st vincent hospital, victoria",19.2,0.32,7.224,"sunshine hospital, victoria",29.05,0.484166667,28.973
"3183,Victoria, Australia","box hill hospital, victoria",184,32.78333333,0.546388889,21.808,"frankston hospital, victoria",44.96666667,0.749444444,39.612,"geelong hospital, victoria",69.36666667,1.156111111,80.445,"northern hospital, victoria",42.03333333,0.700555556,43.399,"st vincent hospital, victoria",22.11666667,0.368611111,9.102,"sunshine hospital, victoria",31.1,0.518333333,30.981
"3184,Victoria, Australia","box hill hospital, victoria",185,36.88333333,0.614722222,24.801,"frankston hospital, victoria",45,0.75,39.301,"geelong hospital, victoria",72.05,1.200833333,80.911,"northern hospital, victoria",44.7,0.745,43.865,"st vincent hospital, victoria",23.91666667,0.398611111,9.659,"sunshine hospital, victoria",33.76666667,0.562777778,31.447
"3185,Victoria, Australia","box hill hospital, victoria",186,34.35,0.5725,17.398,"frankston hospital, victoria",42.78333333,0.713055556,37.713,"geelong hospital, victoria",75.51666667,1.258611111,83.498,"northern hospital, victoria",48.16666667,0.802777778,46.452,"st vincent hospital, victoria",27.93333333,0.465555556,11.132,"sunshine hospital, victoria",37.23333333,0.620555556,34.034
"3186,Victoria, Australia","box hill hospital, victoria",187,38.58333333,0.643055556,20.692,"frankston hospital, victoria",41.9,0.698333333,37.143,"geelong hospital, victoria",76.85,1.280833333,84.164,"northern hospital, victoria",49.5,0.825,47.118,"st vincent hospital, victoria",28.71666667,0.478611111,12.913,"sunshine hospital, victoria",38.56666667,0.642777778,34.7
"3187,Victoria, Australia","box hill hospital, victoria",188,38.61666667,0.643611111,20.35,"frankston hospital, victoria",38.31666667,0.638611111,34.335,"geelong hospital, victoria",78.9,1.315,85.935,"northern hospital, victoria",51.55,0.859166667,48.889,"st vincent hospital, victoria",30.76666667,0.512777778,14.683,"sunshine hospital, victoria",40.61666667,0.676944444,36.471
"3188,Victoria, Australia","box hill hospital, victoria",189,41.25,0.6875,22.353,"frankston hospital, victoria",37.58333333,0.626388889,32.639,"geelong hospital, victoria",83.95,1.399166667,89.29,"northern hospital, victoria",56.6,0.943333333,52.244,"st vincent hospital, victoria",35.81666667,0.596944444,18.039,"sunshine hospital, victoria",45.66666667,0.761111111,39.826
"3189,Victoria, Australia","box hill hospital, victoria",190,33.31666667,0.555277778,18.072,"frankston hospital, victoria",33.51666667,0.558611111,31.66,"geelong hospital, victoria",84.18333333,1.403055556,97.851,"northern hospital, victoria",56.86666667,0.947777778,60.8,"st vincent hospital, victoria",34.98333333,0.583055556,25.333,"sunshine hospital, victoria",45.9,0.765,48.386
"3190,Victoria, Australia","box hill hospital, victoria",191,37.93333333,0.632222222,20.22,"frankston hospital, victoria",32.43333333,0.540555556,29.654,"geelong hospital, victoria",83.93333333,1.398888889,89.789,"northern hospital, victoria",56.58333333,0.943055556,52.743,"st vincent hospital, victoria",35.78333333,0.596388889,18.538,"sunshine hospital, victoria",45.65,0.760833333,40.325
"3191,Victoria, Australia","box hill hospital, victoria",192,42.36666667,0.706111111,23.529,"frankston hospital, victoria",35.63333333,0.593888889,31.556,"geelong hospital, victoria",84.71666667,1.411944444,89.022,"northern hospital, victoria",57.71666667,0.961944444,53.42,"st vincent hospital, victoria",36.93333333,0.615555556,19.215,"sunshine hospital, victoria",46.43333333,0.773888889,39.558
"3192,Victoria, Australia","box hill hospital, victoria",193,35.73333333,0.595555556,19.461,"frankston hospital, victoria",29.35,0.489166667,27.758,"geelong hospital, victoria",86.6,1.443333333,99.239,"northern hospital, victoria",59.28333333,0.988055556,62.188,"st vincent hospital, victoria",37.4,0.623333333,26.721,"sunshine hospital, victoria",48.31666667,0.805277778,49.775
"3193,Victoria, Australia","box hill hospital, victoria",194,44.41666667,0.740277778,24.543,"frankston hospital, victoria",33.66666667,0.561111111,28.997,"geelong hospital, victoria",90.6,1.51,93.022,"northern hospital, victoria",63.66666667,1.061111111,58.055,"st vincent hospital, victoria",42.88333333,0.714722222,23.85,"sunshine hospital, victoria",52.33333333,0.872222222,43.558
"3194,Victoria, Australia","box hill hospital, victoria",195,36.68333333,0.611388889,20.299,"frankston hospital, victoria",26.01666667,0.433611111,25.502,"geelong hospital, victoria",87.55,1.459166667,100.077,"northern hospital, victoria",60.23333333,1.003888889,63.027,"st vincent hospital, victoria",38.35,0.639166667,27.559,"sunshine hospital, victoria",49.26666667,0.821111111,50.613
"3195,Victoria, Australia","box hill hospital, victoria",196,34.55,0.575833333,41.542,"frankston hospital, victoria",19.11666667,0.318611111,20.844,"geelong hospital, victoria",90.95,1.515833333,104.212,"northern hospital, victoria",63.65,1.060833333,67.161,"st vincent hospital, victoria",41.76666667,0.696111111,31.694,"sunshine hospital, victoria",52.68333333,0.878055556,54.748
"3196,Victoria, Australia","box hill hospital, victoria",197,36.43333333,0.607222222,47.447,"frankston hospital, victoria",14.91666667,0.248611111,15.891,"geelong hospital, victoria",94.68333333,1.578055556,123.503,"northern hospital, victoria",68.33333333,1.138888889,72.815,"st vincent hospital, victoria",45.48333333,0.758055556,50.985,"sunshine hospital, victoria",56.4,0.94,74.039
"3197,Victoria, Australia","box hill hospital, victoria",198,33.75,0.5625,44.223,"frankston hospital, victoria",12.8,0.213333333,12.904,"geelong hospital, victoria",92,1.533333333,120.279,"northern hospital, victoria",65.66666667,1.094444444,69.591,"st vincent hospital, victoria",42.81666667,0.713611111,47.761,"sunshine hospital, victoria",53.73333333,0.895555556,70.815
"3198,Victoria, Australia","box hill hospital, victoria",199,34.28333333,0.571388889,46.581,"frankston hospital, victoria",8.783333333,0.146388889,7.436,"geelong hospital, victoria",92.53333333,1.542222222,122.637,"northern hospital, victoria",66.18333333,1.103055556,71.949,"st vincent hospital, victoria",43.33333333,0.722222222,50.119,"sunshine hospital, victoria",54.26666667,0.904444444,73.173
"3199,Victoria, Australia","box hill hospital, victoria",200,41.6,0.693333333,53.485,"frankston hospital, victoria",6.033333333,0.100555556,2.96,"geelong hospital, victoria",99.85,1.664166667,129.541,"northern hospital, victoria",73.51666667,1.225277778,78.853,"st vincent hospital, victoria",50.66666667,0.844444444,57.023,"sunshine hospital, victoria",61.58333333,1.026388889,80.077
"3200,Victoria, Australia","box hill hospital, victoria",201,37.83333333,0.630555556,48.224,"frankston hospital, victoria",11.06666667,0.184444444,7.101,"geelong hospital, victoria",96.08333333,1.601388889,124.28,"northern hospital, victoria",69.75,1.1625,73.592,"st vincent hospital, victoria",46.9,0.781666667,51.762,"sunshine hospital, victoria",57.81666667,0.963611111,74.816
"3201,Victoria, Australia","box hill hospital, victoria",202,34.16666667,0.569444444,44.947,"frankston hospital, victoria",13.16666667,0.219444444,8.994,"geelong hospital, victoria",92.41666667,1.540277778,121.002,"northern hospital, victoria",66.06666667,1.101111111,70.314,"st vincent hospital, victoria",43.23333333,0.720555556,48.484,"sunshine hospital, victoria",54.15,0.9025,71.538
"3202,Victoria, Australia","box hill hospital, victoria",203,33.78333333,0.563055556,18.394,"frankston hospital, victoria",28.01666667,0.466944444,27.643,"geelong hospital, victoria",84.65,1.410833333,98.172,"northern hospital, victoria",57.33333333,0.955555556,61.121,"st vincent hospital, victoria",35.45,0.590833333,25.654,"sunshine hospital, victoria",46.36666667,0.772777778,48.707
"3203,Victoria, Australia","box hill hospital, victoria",204,69.73333333,1.162222222,69.529,"frankston hospital, victoria",89.5,1.491666667,111.241,"geelong hospital, victoria",97.36666667,1.622777778,117.801,"northern hospital, victoria",47.08333333,0.784722222,49.136,"st vincent hospital, victoria",60.21666667,1.003611111,54.387,"sunshine hospital, victoria",45.6,0.76,47.193
"3204,Victoria, Australia","box hill hospital, victoria",205,32.73333333,0.545555556,17.397,"frankston hospital, victoria",37.1,0.618333333,34.236,"geelong hospital, victoria",82.15,1.369166667,91.731,"northern hospital, victoria",54.83333333,0.913888889,54.68,"st vincent hospital, victoria",32.96666667,0.549444444,19.213,"sunshine hospital, victoria",43.88333333,0.731388889,42.267
"3205,Victoria, Australia","box hill hospital, victoria",206,29.86666667,0.497777778,22.57,"frankston hospital, victoria",41.9,0.698333333,55.034,"geelong hospital, victoria",60.48333333,1.008055556,75.114,"northern hospital, victoria",33.13333333,0.552222222,38.068,"st vincent hospital, victoria",16.88333333,0.281388889,5.027,"sunshine hospital, victoria",22.21666667,0.370277778,25.65
"3206,Victoria, Australia","box hill hospital, victoria",207,35.33333333,0.588888889,23.057,"frankston hospital, victoria",46.7,0.778333333,56.836,"geelong hospital, victoria",63.96666667,1.066111111,75.504,"northern hospital, victoria",36.58333333,0.609722222,38.426,"st vincent hospital, victoria",21.48333333,0.358055556,6.636,"sunshine hospital, victoria",25.68333333,0.428055556,26.04
"3207,Victoria, Australia","box hill hospital, victoria",208,34.01666667,0.566944444,27.636,"frankston hospital, victoria",46.05,0.7675,60.1,"geelong hospital, victoria",57.43333333,0.957222222,71.206,"northern hospital, victoria",32.96666667,0.549444444,36.714,"st vincent hospital, victoria",22.13333333,0.368888889,8.756,"sunshine hospital, victoria",19.16666667,0.319444444,21.742
